name,ticker,fiscal_year,net_profit_margin,peer_avg_margin,margin_diff_from_peers
Adobe Inc.,ADBE,2008,0.2435,0.1437,0.0998
The Boeing Company,BA,2008,0.0439,0.1437,-0.0998
Adobe Inc.,ADBE,2009,0.1312,0.0911,0.0401
The Boeing Company,BA,2009,0.0192,0.0911,-0.0719
"MetLife, Inc.",MET,2009,0.0646,0.0911,-0.0265
Microsoft Corporation,MSFT,2009,0.2493,0.0911,0.1582
NVIDIA Corporation,NVDA,2009,-0.0088,0.0911,-0.0999
Adobe Inc.,ADBE,2010,0.2039,-0.1267,0.3306
The Boeing Company,BA,2010,0.0514,-0.1267,0.1781
"MetLife, Inc.",MET,2010,0.0269,-0.1267,0.1536
Microsoft Corporation,MSFT,2010,0.3002,-0.1267,0.4269
NVIDIA Corporation,NVDA,2010,-0.0204,-0.1267,0.1063
"Tesla, Inc.",TSLA,2010,-1.3219,-0.1267,-1.1953
Adobe Inc.,ADBE,2011,0.1975,-0.0862,0.2837
The Boeing Company,BA,2011,0.0585,-0.0862,0.1447
"MetLife, Inc.",MET,2011,0.0374,-0.0862,0.1236
"MetLife, Inc.",MET,2011,0.0082,-0.0862,0.0944
"Meta Platforms, Inc.",META,2011,0.2695,-0.0862,0.3557
NVIDIA Corporation,NVDA,2011,0.0714,-0.0862,0.1576
"Tesla, Inc.",TSLA,2011,-1.2456,-0.0862,-1.1594
Adobe Inc.,ADBE,2012,0.1891,-0.0325,0.2216
The Boeing Company,BA,2012,0.0477,-0.0325,0.0802
"MetLife, Inc.",MET,2012,0.0622,-0.0325,0.0947
"MetLife, Inc.",MET,2012,0.2765,-0.0325,0.3090
"Meta Platforms, Inc.",META,2012,0.0104,-0.0325,0.0429
NVIDIA Corporation,NVDA,2012,0.1453,-0.0325,0.1778
"Tesla, Inc.",TSLA,2012,-0.9588,-0.0325,-0.9263
Adobe Inc.,ADBE,2013,0.0715,0.0690,0.0025
The Boeing Company,BA,2013,0.0529,0.0690,-0.0161
"MetLife, Inc.",MET,2013,0.0047,0.0690,-0.0643
"Meta Platforms, Inc.",META,2013,0.1905,0.0690,0.1215
NVIDIA Corporation,NVDA,2013,0.1314,0.0690,0.0624
"Tesla, Inc.",TSLA,2013,-0.0368,0.0690,-0.1058
Adobe Inc.,ADBE,2014,0.0647,0.0862,-0.0215
The Boeing Company,BA,2014,0.0600,0.0862,-0.0262
Alphabet Inc.,GOOGL,2014,0.2142,0.0862,0.1280
"MetLife, Inc.",MET,2014,0.0143,0.0862,-0.0719
"Meta Platforms, Inc.",META,2014,0.2358,0.0862,0.1496
NVIDIA Corporation,NVDA,2014,0.1065,0.0862,0.0203
"Tesla, Inc.",TSLA,2014,-0.0919,0.0862,-0.1781
Adobe Inc.,ADBE,2015,0.1313,-0.0156,0.1469
The Boeing Company,BA,2015,0.0539,-0.0156,0.0695
Alphabet Inc.,GOOGL,2015,0.2180,-0.0156,0.2336
"MetLife, Inc.",MET,2015,-0.6331,-0.0156,-0.6175
"Meta Platforms, Inc.",META,2015,0.2057,-0.0156,0.2213
NVIDIA Corporation,NVDA,2015,0.1347,-0.0156,0.1503
"Tesla, Inc.",TSLA,2015,-0.2196,-0.0156,-0.2040
Apple Inc.,AAPL,2016,0.2119,0.1224,0.0895
Adobe Inc.,ADBE,2016,0.1996,0.1224,0.0772
The Boeing Company,BA,2016,0.0518,0.1224,-0.0706
Alphabet Inc.,GOOGL,2016,0.2158,0.1224,0.0934
Lockheed Martin Corporation,LMT,2016,0.1121,0.1224,-0.0103
"MetLife, Inc.",MET,2016,-0.0858,0.1224,-0.2082
"Meta Platforms, Inc.",META,2016,0.3697,0.1224,0.2473
NVIDIA Corporation,NVDA,2016,0.1226,0.1224,0.0002
"Tesla, Inc.",TSLA,2016,-0.0964,0.1224,-0.2188
Apple Inc.,AAPL,2017,0.2109,0.1224,0.0885
Adobe Inc.,ADBE,2017,0.2320,0.1224,0.1096
The Boeing Company,BA,2017,0.0878,0.1224,-0.0346
Alphabet Inc.,GOOGL,2017,0.1142,0.1224,-0.0082
Lockheed Martin Corporation,LMT,2017,0.0401,0.1224,-0.0823
"MetLife, Inc.",MET,2017,-0.0494,0.1224,-0.1718
"Meta Platforms, Inc.",META,2017,0.3920,0.1224,0.2696
NVIDIA Corporation,NVDA,2017,0.2411,0.1224,0.1187
"Tesla, Inc.",TSLA,2017,-0.1668,0.1224,-0.2892
Apple Inc.,AAPL,2018,0.2241,0.1448,0.0793
Adobe Inc.,ADBE,2018,0.2869,0.1448,0.1421
The Boeing Company,BA,2018,0.1034,0.1448,-0.0414
Alphabet Inc.,GOOGL,2018,0.2246,0.1448,0.0798
Lockheed Martin Corporation,LMT,2018,0.0939,0.1448,-0.0509
"MetLife, Inc.",MET,2018,0.0139,0.1448,-0.1309
NVIDIA Corporation,NVDA,2018,0.3137,0.1448,0.1689
"Tesla, Inc.",TSLA,2018,-0.0455,0.1448,-0.1903
"Uber Technologies, Inc.",UBER,2018,0.0885,0.1448,-0.0563
Adobe Inc.,ADBE,2019,0.2642,0.0036,0.2606
The Boeing Company,BA,2019,-0.0083,0.0036,-0.0119
Alphabet Inc.,GOOGL,2019,0.2122,0.0036,0.2086
Lockheed Martin Corporation,LMT,2019,0.1042,0.0036,0.1006
"MetLife, Inc.",MET,2019,0.0896,0.0036,0.0860
"Tesla, Inc.",TSLA,2019,-0.0351,0.0036,-0.0387
"Uber Technologies, Inc.",UBER,2019,-0.6013,0.0036,-0.6049
Adobe Inc.,ADBE,2020,0.4088,0.0220,0.3868
The Boeing Company,BA,2020,-0.2042,0.0220,-0.2262
Alphabet Inc.,GOOGL,2020,0.2206,0.0220,0.1986
Lockheed Martin Corporation,LMT,2020,0.1045,0.0220,0.0825
"MetLife, Inc.",MET,2020,-0.0249,0.0220,-0.0469
NVIDIA Corporation,NVDA,2020,0.2561,0.0220,0.2341
"Tesla, Inc.",TSLA,2020,0.0229,0.0220,0.0009
"Uber Technologies, Inc.",UBER,2020,-0.6076,0.0220,-0.6296
Adobe Inc.,ADBE,2021,0.3055,0.1180,0.1875
The Boeing Company,BA,2021,-0.0675,0.1180,-0.1855
Alphabet Inc.,GOOGL,2021,0.2951,0.1180,0.1771
Lockheed Martin Corporation,LMT,2021,0.0942,0.1180,-0.0238
"MetLife, Inc.",MET,2021,-0.0172,0.1180,-0.1352
NVIDIA Corporation,NVDA,2021,0.2598,0.1180,0.1418
"Tesla, Inc.",TSLA,2021,0.1025,0.1180,-0.0155
"Uber Technologies, Inc.",UBER,2021,-0.0284,0.1180,-0.1464
Adobe Inc.,ADBE,2022,0.2701,0.0740,0.1961
The Boeing Company,BA,2022,-0.0741,0.0740,-0.1481
Lockheed Martin Corporation,LMT,2022,0.0869,0.0740,0.0129
"MetLife, Inc.",MET,2022,0.0052,0.0740,-0.0688
NVIDIA Corporation,NVDA,2022,0.3623,0.0740,0.2883
"Tesla, Inc.",TSLA,2022,0.1541,0.0740,0.0801
"Uber Technologies, Inc.",UBER,2022,-0.2868,0.0740,-0.3608
Adobe Inc.,ADBE,2023,0.2797,0.1373,0.1424
The Boeing Company,BA,2023,-0.0286,0.1373,-0.1659
Alphabet Inc.,GOOGL,2023,0.2401,0.1373,0.1028
Lockheed Martin Corporation,LMT,2023,0.1024,0.1373,-0.0349
NVIDIA Corporation,NVDA,2023,0.1619,0.1373,0.0246
"Tesla, Inc.",TSLA,2023,0.1550,0.1373,0.0177
"Uber Technologies, Inc.",UBER,2023,0.0506,0.1373,-0.0867
Adobe Inc.,ADBE,2024,0.2585,0.1753,0.0832
The Boeing Company,BA,2024,-0.1777,0.1753,-0.3530
Alphabet Inc.,GOOGL,2024,0.2860,0.1753,0.1107
Lockheed Martin Corporation,LMT,2024,0.0751,0.1753,-0.1002
NVIDIA Corporation,NVDA,2024,0.4885,0.1753,0.3132
"Tesla, Inc.",TSLA,2024,0.0726,0.1753,-0.1027
"Uber Technologies, Inc.",UBER,2024,0.2241,0.1753,0.0488
Adobe Inc.,ADBE,2025,0.3000,0.2160,0.0840
The Boeing Company,BA,2025,0.0250,0.2160,-0.1910
Alphabet Inc.,GOOGL,2025,0.3281,0.2160,0.1121
Lockheed Martin Corporation,LMT,2025,0.0669,0.2160,-0.1491
NVIDIA Corporation,NVDA,2025,0.5585,0.2160,0.3425
"Tesla, Inc.",TSLA,2025,0.0400,0.2160,-0.1760
"Uber Technologies, Inc.",UBER,2025,0.1933,0.2160,-0.0227
NVIDIA Corporation,NVDA,2026,0.5560,0.5560,0.0000
