name,ticker,fiscal_year,net_profit_margin,debt_to_assets_ratio,prior_year_margin,margin_pct_change
Apple Inc.,AAPL,2016,0.2119,0.6013,,
Apple Inc.,AAPL,2017,0.2109,0.6428,0.2119,-0.5
Apple Inc.,AAPL,2018,0.2241,0.7070,0.2109,6.3
Adobe Inc.,ADBE,2008,0.2435,0.2424,,
Adobe Inc.,ADBE,2009,0.1312,0.3284,0.2435,-46.1
Adobe Inc.,ADBE,2010,0.2039,0.3622,0.1312,55.4
Adobe Inc.,ADBE,2011,0.1975,0.3568,0.2039,-3.1
Adobe Inc.,ADBE,2012,0.1891,0.3318,0.1975,-4.3
Adobe Inc.,ADBE,2013,0.0715,0.3522,0.1891,-62.2
Adobe Inc.,ADBE,2014,0.0647,0.3718,0.0715,-9.5
Adobe Inc.,ADBE,2015,0.1313,0.4029,0.0647,102.9
Adobe Inc.,ADBE,2016,0.1996,0.4157,0.1313,52.0
Adobe Inc.,ADBE,2017,0.2320,0.4180,0.1996,16.2
Adobe Inc.,ADBE,2018,0.2869,0.5012,0.2320,23.7
Adobe Inc.,ADBE,2019,0.2642,0.4928,0.2869,-7.9
Adobe Inc.,ADBE,2020,0.4088,0.4538,0.2642,54.7
Adobe Inc.,ADBE,2021,0.3055,0.4568,0.4088,-25.3
Adobe Inc.,ADBE,2022,0.2701,0.4828,0.3055,-11.6
Adobe Inc.,ADBE,2023,0.2797,0.4453,0.2701,3.6
Adobe Inc.,ADBE,2024,0.2585,0.5334,0.2797,-7.6
Adobe Inc.,ADBE,2025,0.3000,0.6059,0.2585,16.1
The Boeing Company,BA,2008,0.0439,,,
The Boeing Company,BA,2009,0.0192,,0.0439,-56.3
The Boeing Company,BA,2010,0.0514,0.9583,0.0192,167.7
The Boeing Company,BA,2011,0.0585,0.9549,0.0514,13.8
The Boeing Company,BA,2012,0.0477,,0.0585,-18.5
The Boeing Company,BA,2013,0.0529,,0.0477,10.9
The Boeing Company,BA,2014,0.0600,,0.0529,13.4
The Boeing Company,BA,2015,0.0539,,0.0600,-10.2
The Boeing Company,BA,2016,0.0518,,0.0539,-3.9
The Boeing Company,BA,2017,0.0878,,0.0518,69.5
The Boeing Company,BA,2018,0.1034,,0.0878,17.8
The Boeing Company,BA,2019,-0.0083,1.0621,0.1034,-108.0
The Boeing Company,BA,2020,-0.2042,1.1188,-0.0083,-2360.2
The Boeing Company,BA,2021,-0.0675,1.1072,-0.2042,66.9
The Boeing Company,BA,2022,-0.0741,1.1156,-0.0675,-9.8
The Boeing Company,BA,2023,-0.0286,1.1257,-0.0741,61.4
The Boeing Company,BA,2024,-0.1777,1.0250,-0.0286,-521.3
The Boeing Company,BA,2025,0.0250,0.9676,-0.1777,114.1
Alphabet Inc.,GOOGL,2014,0.2142,,,
Alphabet Inc.,GOOGL,2015,0.2180,0.1840,0.2142,1.8
Alphabet Inc.,GOOGL,2016,0.2158,0.1699,0.2180,-1.0
Alphabet Inc.,GOOGL,2017,0.1142,0.2270,0.2158,-47.1
Alphabet Inc.,GOOGL,2018,0.2246,0.2370,0.1142,96.7
Alphabet Inc.,GOOGL,2019,0.2122,0.2699,0.2246,-5.5
Alphabet Inc.,GOOGL,2020,0.2206,0.3037,0.2122,4.0
Alphabet Inc.,GOOGL,2021,0.2951,0.2996,0.2206,33.8
Alphabet Inc.,GOOGL,2023,0.2401,0.2958,0.2951,-18.6
Alphabet Inc.,GOOGL,2024,0.2860,0.2780,0.2401,19.1
Alphabet Inc.,GOOGL,2025,0.3281,0.3024,0.2860,14.7
Lockheed Martin Corporation,LMT,2016,0.1121,0.9664,,
Lockheed Martin Corporation,LMT,2017,0.0401,1.0131,0.1121,-64.2
Lockheed Martin Corporation,LMT,2018,0.0939,0.9677,0.0401,134.2
Lockheed Martin Corporation,LMT,2019,0.1042,0.9333,0.0939,11.0
Lockheed Martin Corporation,LMT,2020,0.1045,0.8809,0.1042,0.3
Lockheed Martin Corporation,LMT,2021,0.0942,0.7846,0.1045,-9.9
Lockheed Martin Corporation,LMT,2022,0.0869,0.8248,0.0942,-7.7
Lockheed Martin Corporation,LMT,2023,0.1024,0.8697,0.0869,17.8
Lockheed Martin Corporation,LMT,2024,0.0751,0.8861,0.1024,-26.7
Lockheed Martin Corporation,LMT,2025,0.0669,0.8877,0.0751,-10.9
"MetLife, Inc.",MET,2009,0.0646,,,
"MetLife, Inc.",MET,2010,0.0269,,0.0646,-58.4
"MetLife, Inc.",MET,2011,0.0374,,0.0269,39.0
"MetLife, Inc.",MET,2011,0.0082,,0.0374,-78.1
"MetLife, Inc.",MET,2012,0.0622,,0.0082,658.5
"MetLife, Inc.",MET,2012,0.2765,,0.0622,344.5
"MetLife, Inc.",MET,2013,0.0047,,0.2765,-98.3
"MetLife, Inc.",MET,2014,0.0143,,0.0047,204.3
"MetLife, Inc.",MET,2015,-0.6331,,0.0143,-4527.3
"MetLife, Inc.",MET,2016,-0.0858,,-0.6331,86.4
"MetLife, Inc.",MET,2017,-0.0494,,-0.0858,42.4
"MetLife, Inc.",MET,2018,0.0139,0.5264,-0.0494,128.1
"MetLife, Inc.",MET,2019,0.0896,0.5590,0.0139,544.6
"MetLife, Inc.",MET,2020,-0.0249,0.6018,0.0896,-127.8
"MetLife, Inc.",MET,2021,-0.0172,0.6549,-0.0249,30.9
"MetLife, Inc.",MET,2022,0.0052,0.6434,-0.0172,130.2
"Meta Platforms, Inc.",META,2011,0.2695,0.2262,,
"Meta Platforms, Inc.",META,2012,0.0104,0.2217,0.2695,-96.1
"Meta Platforms, Inc.",META,2013,0.1905,0.1355,0.0104,1731.7
"Meta Platforms, Inc.",META,2014,0.2358,0.1017,0.1905,23.8
"Meta Platforms, Inc.",META,2015,0.2057,0.1050,0.2358,-12.8
"Meta Platforms, Inc.",META,2016,0.3697,0.0888,0.2057,79.7
"Meta Platforms, Inc.",META,2017,0.3920,0.1204,0.3697,6.0
Microsoft Corporation,MSFT,2009,0.2493,,,
Microsoft Corporation,MSFT,2010,0.3002,0.4638,0.2493,20.4
NVIDIA Corporation,NVDA,2009,-0.0088,,,
NVIDIA Corporation,NVDA,2010,-0.0204,,-0.0088,-131.8
NVIDIA Corporation,NVDA,2011,0.0714,,-0.0204,450.0
NVIDIA Corporation,NVDA,2012,0.1453,,0.0714,103.5
NVIDIA Corporation,NVDA,2013,0.1314,,0.1453,-9.6
NVIDIA Corporation,NVDA,2014,0.1065,,0.1314,-18.9
NVIDIA Corporation,NVDA,2015,0.1347,0.3865,0.1065,26.5
NVIDIA Corporation,NVDA,2016,0.1226,0.3818,0.1347,-9.0
NVIDIA Corporation,NVDA,2017,0.2411,0.4113,0.1226,96.7
NVIDIA Corporation,NVDA,2018,0.3137,0.3354,0.2411,30.1
NVIDIA Corporation,NVDA,2020,0.2561,0.2952,0.3137,-18.4
NVIDIA Corporation,NVDA,2021,0.2598,0.4133,0.2561,1.4
NVIDIA Corporation,NVDA,2022,0.3623,0.3977,0.2598,39.5
NVIDIA Corporation,NVDA,2023,0.1619,0.4633,0.3623,-55.3
NVIDIA Corporation,NVDA,2024,0.4885,0.3461,0.1619,201.7
NVIDIA Corporation,NVDA,2025,0.5585,0.2892,0.4885,14.3
NVIDIA Corporation,NVDA,2026,0.5560,0.2394,0.5585,-0.4
"Tesla, Inc.",TSLA,2010,-1.3219,0.4637,,
"Tesla, Inc.",TSLA,2011,-1.2456,0.6860,-1.3219,5.8
"Tesla, Inc.",TSLA,2012,-0.9588,0.8881,-1.2456,23.0
"Tesla, Inc.",TSLA,2013,-0.0368,0.7240,-0.9588,96.2
"Tesla, Inc.",TSLA,2014,-0.0919,0.8342,-0.0368,-149.7
"Tesla, Inc.",TSLA,2015,-0.2196,0.8602,-0.0919,-139.0
"Tesla, Inc.",TSLA,2016,-0.0964,0.7391,-0.2196,56.1
"Tesla, Inc.",TSLA,2017,-0.1668,0.8034,-0.0964,-73.0
"Tesla, Inc.",TSLA,2018,-0.0455,0.7877,-0.1668,72.7
"Tesla, Inc.",TSLA,2019,-0.0351,0.7636,-0.0455,22.9
"Tesla, Inc.",TSLA,2020,0.0229,0.5449,-0.0351,165.2
"Tesla, Inc.",TSLA,2021,0.1025,0.4917,0.0229,347.6
"Tesla, Inc.",TSLA,2022,0.1541,0.4426,0.1025,50.3
"Tesla, Inc.",TSLA,2023,0.1550,0.4034,0.1541,0.6
"Tesla, Inc.",TSLA,2024,0.0726,0.3964,0.1550,-53.2
"Tesla, Inc.",TSLA,2025,0.0400,0.3987,0.0726,-44.9
"Uber Technologies, Inc.",UBER,2018,0.0885,0.7169,,
"Uber Technologies, Inc.",UBER,2019,-0.6013,0.5220,0.0885,-779.4
"Uber Technologies, Inc.",UBER,2020,-0.6076,0.5864,-0.6013,-1.0
"Uber Technologies, Inc.",UBER,2021,-0.0284,0.6041,-0.6076,95.3
"Uber Technologies, Inc.",UBER,2022,-0.2868,0.7352,-0.0284,-909.9
"Uber Technologies, Inc.",UBER,2023,0.0506,0.6723,-0.2868,117.6
"Uber Technologies, Inc.",UBER,2024,0.2241,0.5614,0.0506,342.9
"Uber Technologies, Inc.",UBER,2025,0.1933,0.5456,0.2241,-13.7
